"","country","region","population_kaggle","area","pop_dens","coastline","net_migration","infant_mortality","gdp_kaggle","literacy","phones","arable","crops","climate","birthrate","deathrate","agriculture","industry","service","code","mismanaged","coastal_pop","population","per_capita_plastic_waste","gdp","per_capita_mismanaged"
"1","Afghanistan","ASIA (EX. NEAR EAST)",31056997,647500,48,0,23.06,16307,700,36,3.2,12.13,0.22,"1",466,2034,0.38,0.24,0.38,"AFG",NA,NA,31411743,NA,1614.25500126115,NA
"2","Albania","EASTERN EUROPE",3581655,28748,124.6,1.26,-4.93,2152,4500,86.5,71.2,21.09,4.42,"3",1511,522,0.232,0.188,0.579,"ALB",29705,2530533,3204284,0.069,9927.18184117512,0.032
"3","Algeria","NORTHERN AFRICA",32930091,2381740,13.8,0.04,-0.39,31,6000,70,78.1,3.22,0.25,"1",1714,461,0.101,0.6,0.298,"DZA",520555,16556580,35468208,0.144,12870.6026985154,0.086
"4","American Samoa","OCEANIA",57794,199,290.4,58.29,-20.71,927,8000,97,259.5,10,15,"2",2246,327,NA,NA,NA,"ASM",NA,NA,68420,NA,NA,NA
"5","Andorra","WESTERN EUROPE",71201,468,152.1,0,6.6,405,19000,100,497.2,2.22,0,"3",871,625,NA,NA,NA,"AND",NA,NA,84864,NA,NA,NA
"6","Angola","SUB-SAHARAN AFRICA",12127071,1246700,9.7,0.13,0,19119,1900,42,7.8,2.41,0.24,NA,4511,242,0.096,0.658,0.246,"AGO",62528,3790041,19081912,0.062,5897.68284059848,0.045
"7","Anguilla","LATIN AMER. & CARIB",13477,102,132.1,59.8,10.76,2103,8600,95,460,0,0,"2",1417,534,0.04,0.18,0.78,"AIA",52,14561,15358,0.252,NA,0.01
"8","Antigua and Barbuda","LATIN AMER. & CARIB",69108,443,156,34.54,-6.15,1946,11000,89,549.9,18.18,4.55,"2",1693,537,0.038,0.22,0.743,"ATG",1253,66843,88710,0.66,19212.7201307541,0.051
"9","Argentina","LATIN AMER. & CARIB",39921833,2766890,14.4,0.18,0.61,1518,11200,97.1,220.4,12.31,0.48,"3",1673,755,0.095,0.358,0.547,"ARG",157777,16449245,40412376,0.183,18712.0630773436,0.026
"10","Armenia","C.W. OF IND. STATES",2976372,29800,99.9,0,-6.47,2328,3500,98.6,195.7,17.55,2.3,"4",1207,823,0.239,0.343,0.418,"ARM",NA,NA,3092072,NA,6702.84800627941,NA
"11","Aruba","LATIN AMER. & CARIB",71891,193,372.5,35.49,0,589,28000,97,516.1,10.53,0,"2",1103,668,0.004,0.333,0.663,"ABW",372,137910,107488,0.252,NA,0.007
"12","Australia","OCEANIA",20264082,7686850,2.6,0.34,3.98,469,29000,100,565.5,6.55,0.04,"1",1214,751,0.038,0.262,0.7,"AUS",13889,17235954,22268384,0.112,41464.0400696359,0.002
"13","Austria","WESTERN EUROPE",8192880,83870,97.7,0,2,466,30000,98,452.2,16.91,0.86,"3",874,976,0.018,0.304,0.678,"AUT",NA,NA,8393644,NA,43336.1978527647,NA
"14","Azerbaijan","C.W. OF IND. STATES",7961619,86600,91.9,0,-4.9,8174,3400,97,137.1,19.63,2.71,"1",2074,975,0.141,0.457,0.402,"AZE",NA,NA,9187783,NA,15950.2574578783,NA
"15","Bahamas","LATIN AMER. & CARIB",303770,13940,21.8,25.41,-2.2,2521,16700,95.6,460.6,0.8,0.4,"2",1757,905,0.03,0.07,0.9,"BHS",1333,341145,342877,0.39,29221.9911816149,0.011
"16","Bahrain","NEAR EAST",698585,665,1050.5,24.21,1.05,1727,16900,89.1,281.3,2.82,5.63,"1",178,414,0.005,0.387,0.608,"BHR",4376,743574,1261835,0.132,40570.5356928307,0.016
"17","Bangladesh","ASIA (EX. NEAR EAST)",147365352,144000,1023.4,0.4,-0.71,626,1900,43.1,7.3,62.11,3.07,"2",298,827,0.199,0.198,0.603,"BGD",787327,70874124,148692131,0.034,2442.72888765696,0.03
"18","Barbados","LATIN AMER. & CARIB",279912,431,649.5,22.51,-0.31,125,15700,97.4,481.9,37.21,2.33,"2",1271,867,0.06,0.16,0.78,"BRB",3483,276784,273331,0.57,16417.9624523108,0.034
"19","Belarus","C.W. OF IND. STATES",10293011,207600,49.6,0,2.54,1337,6100,99.6,319.1,29.55,0.6,"4",1116,1402,0.093,0.316,0.591,"BLR",NA,NA,9595421,NA,16235.1714534334,NA
"20","Belgium","WESTERN EUROPE",10379067,30528,340,0.22,1.23,468,29100,98,462.6,23.28,0.4,"3",1038,1027,0.01,0.24,0.749,"BEL",2743,4747957,10712066,0.08,41085.9189401366,0.002
"21","Belize","LATIN AMER. & CARIB",287730,22966,12.5,1.68,0,2569,4900,94.1,115.7,2.85,1.71,"2",2884,572,0.142,0.152,0.612,"BLZ",3892,202429,311627,0.172,7876.80958597644,0.053
"22","Benin","SUB-SAHARAN AFRICA",7862944,112620,69.8,0.11,0,85,1100,40.9,9.7,18.08,2.4,"2",3885,1222,0.316,0.138,0.546,"BEN",43015,3235418,8849892,0.043,1818.77846075906,0.036
"23","Bermuda","NORTHERN AMERICA",65773,53,1241,194.34,2.49,853,36000,98,851.4,20,0,"2",114,774,0.01,0.1,0.89,"BMU",123,66966,64941,0.252,56395.0078003539,0.005
"24","Bhutan","ASIA (EX. NEAR EAST)",2279723,47000,48.5,0,0,10044,1300,42.2,14.3,3.09,0.43,"2",3365,127,0.258,0.379,0.363,"BTN",NA,NA,725940,NA,6419.67559908811,NA
"25","Bolivia","LATIN AMER. & CARIB",8989046,1098580,8.2,0,-1.32,5311,2400,87.2,71.9,2.67,0.19,"15",233,753,0.128,0.352,0.52,"BOL",NA,NA,9929849,NA,5407.47022023569,NA
"26","Bosnia and Herzegovina","EASTERN EUROPE",4498976,51129,88,0.04,0.31,2105,6100,NA,215.4,13.6,2.96,"4",877,827,0.142,0.308,0.55,"BIH",12955,585582,3760149,0.144,9720.34217718095,0.061
"27","Botswana","SUB-SAHARAN AFRICA",1639833,600370,2.7,0,0,5458,9000,79.8,80.5,0.65,0.01,"1",2308,295,0.024,0.469,0.507,"BWA",NA,NA,2006945,NA,13334.1987970857,NA
"28","Brazil","LATIN AMER. & CARIB",188078227,8511965,22.1,0.09,-0.03,2961,7600,86.4,225.3,6.96,0.9,"2",1656,617,0.084,0.4,0.516,"BRA",471404,74696771,194946470,0.165,14537.5671930903,0.017
"29","British Virgin Islands","LATIN AMER. & CARIB",23098,153,151,52.29,10.01,1805,16000,97.8,506.5,20,6.67,"2",1489,442,0.018,0.062,0.92,"VGB",55,29674,23245,0.252,NA,0.005
"30","Brunei","ASIA (EX. NEAR EAST)",379444,5770,65.8,2.79,3.59,1261,18600,93.9,237.2,0.57,0.76,"2",1879,345,0.036,0.561,0.403,"BRN",93,359871,398920,0.026,80552.8644713138,0.001
"31","Bulgaria","EASTERN EUROPE",7385367,110910,66.6,0.32,-4.58,2055,7600,98.6,336.3,40.02,1.92,"3",965,1427,0.093,0.304,0.603,"BGR",18739,1002695,7494332,0.154,15283.2914751664,0.051
"32","Burkina Faso","SUB-SAHARAN AFRICA",13902972,274200,50.7,0,0,9757,1100,26.6,7,14.43,0.19,"2",4562,156,0.322,0.196,0.482,"BFA",NA,NA,16468714,NA,1423.37770598198,NA
"33","Myanmar","ASIA (EX. NEAR EAST)",47382633,678500,69.8,0.28,-1.8,6724,1800,85.3,10.1,15.19,0.97,"2",1791,983,0.564,0.082,0.353,"MMR",458269,18988522,47963012,0.075,3721.21144009279,0.066
"34","Burundi","SUB-SAHARAN AFRICA",8090068,27830,290.7,0,-0.06,6929,600,51.6,3.4,35.05,14.02,"2",4222,1346,0.463,0.203,0.334,"BDI",NA,NA,8382849,NA,763.831930213843,NA
"35","Cambodia","ASIA (EX. NEAR EAST)",13881427,181040,76.7,0.24,0,7148,1900,69.4,2.6,20.96,0.61,"2",269,906,0.35,0.3,0.35,"KHM",29686,1391254,14138255,0.066,2522.92682475402,0.058
"36","Cameroon","SUB-SAHARAN AFRICA",17340702,475440,36.5,0.08,0,6826,1800,79,5.7,12.81,2.58,"15",3389,1347,0.448,0.17,0.382,"CMR",27713,1986723,19598889,0.046,2929.82911281962,0.038
"37","Canada","NORTHERN AMERICA",33098932,9984670,3.3,2.02,5.96,475,29800,97,552.2,4.96,0.02,NA,1078,78,0.022,0.294,0.684,"CAN",7959,11846863,34016593,0.093,40699.3551293841,0.002
"38","Cape Verde","SUB-SAHARAN AFRICA",420979,4033,104.4,23.93,-12.07,4777,1400,76.6,169.6,9.68,0.5,"3",2487,655,0.121,0.219,0.66,"CPV",9347,522245,495999,0.065,5828.24158804338,0.049
"39","Cayman Islands","LATIN AMER. & CARIB",45436,262,173.4,61.07,18.75,819,35000,98,836.3,3.85,0,"2",1274,489,0.014,0.032,0.954,"CYM",95,51864,56230,0.252,NA,0.005
"40","Central African Republic","SUB-SAHARAN AFRICA",4303356,622984,6.9,0,0,91,1100,51,2.3,3.1,0.14,"2",3391,1865,0.55,0.2,0.25,"CAF",NA,NA,4401051,NA,881.144550791663,NA
"41","Chad","SUB-SAHARAN AFRICA",9944201,1284000,7.7,0,-0.11,9382,1200,47.5,1.3,2.86,0.02,"2",4573,1638,0.335,0.259,0.406,"TCD",NA,NA,11227208,NA,1925.19511802507,NA
"42","Chile","LATIN AMER. & CARIB",16134219,756950,21.3,0.85,0,88,9900,96.2,213,2.65,0.42,"3",1523,581,0.06,0.493,0.447,"CHL",21754,5621550,17113688,0.119,19442.0503154635,0.011
"43","China","ASIA (EX. NEAR EAST)",1313973713,9596960,136.9,0.15,-0.4,2418,5000,90.9,266.7,15.4,1.25,"15",1325,697,0.125,0.473,0.403,"CHN",8819717,262892387,1341335152,0.121,9525.81848339164,0.092
"44","Colombia","LATIN AMER. & CARIB",43593035,1138910,38.3,0.28,-0.31,2097,6300,92.5,176.2,2.42,1.67,"2",2048,558,0.125,0.342,0.533,"COL",92173,7498563,46294841,0.144,10900.5052821616,0.034
"45","Comoros","SUB-SAHARAN AFRICA",690948,2170,318.4,15.67,0,7493,700,56.5,24.5,35.87,23.32,"2",3693,82,0.4,0.04,0.56,"COM",58032,938595,734750,0.201,1412.50268663997,0.169
"46","Democratic Republic of Congo","SUB-SAHARAN AFRICA",62660551,2345410,26.7,0,0,9469,700,65.5,0.2,2.96,0.52,"2",4369,1327,0.55,0.11,0.34,"COD",15208,1076056,65965795,0.045,660.210955818272,0.039
"47","Congo","SUB-SAHARAN AFRICA",3702314,342000,10.8,0.05,-0.17,9386,700,83.8,3.7,0.51,0.13,"2",4257,1293,0.062,0.57,0.369,"COG",16766,847807,4042899,0.069,5186.34478845194,0.054
"48","Cook Islands","OCEANIA",21388,240,89.1,50,NA,NA,5000,95,289.9,17.39,13.04,"2",21,NA,0.151,0.096,0.753,"COK",416,20934,20288,0.144,NA,0.054
"49","Costa Rica","LATIN AMER. & CARIB",4075261,51100,79.8,2.52,0.51,995,9100,96,340.7,4.41,5.88,"2",1832,436,0.088,0.299,0.614,"CRI",42090,2479298,4658887,0.258,12999.9921931442,0.047
"50","Cote d'Ivoire","SUB-SAHARAN AFRICA",17654843,322460,54.8,0.16,-0.07,9083,1400,50.9,14.6,9.75,13.84,"2",3511,1484,0.279,0.171,0.55,"CIV",194558,6230583,19737800,0.103,2690.25800198952,0.086
"51","Croatia","EASTERN EUROPE",4494749,56542,79.5,10.32,1.58,684,10600,98.5,420.4,26.09,2.27,NA,961,1148,0.07,0.308,0.622,"HRV",16461,1602782,4403330,0.252,20171.9575294867,0.028
"52","Cuba","LATIN AMER. & CARIB",11382820,110860,102.7,3.37,-1.58,633,2900,97,74.7,33.05,7.6,"2",1189,722,0.055,0.261,0.684,"CUB",90630,11333471,11257979,0.089,NA,0.022
"53","Cyprus","NEAR EAST",784301,9250,84.8,7.01,0.43,718,19200,97.6,NA,7.79,4.44,"3",1256,768,0.037,0.198,0.765,"CYP",1821,840556,1103647,0.248,33941.1380158355,0.006
"54","Czech Republic","EASTERN EUROPE",10235455,78866,129.8,0,0.97,393,15700,99.9,314.3,39.8,3.05,"3",902,1059,0.034,0.393,0.573,"CZE",NA,NA,10492960,NA,28352.9493964403,NA
"55","Denmark","WESTERN EUROPE",5450661,43094,126.5,16.97,2.48,456,31100,100,614.6,54.02,0.19,"3",1113,1036,0.018,0.246,0.735,"DNK",1791,5376386,5550142,0.047,43998.4366716285,0.001
"56","Djibouti","SUB-SAHARAN AFRICA",486530,23000,21.2,1.37,0,10413,1300,67.9,22.8,0.04,0,"1",3953,1931,0.179,0.225,0.596,"DJI",17324,621744,888716,0.103,NA,0.076
"57","Dominica","LATIN AMER. & CARIB",68910,754,91.4,19.63,-13.87,1415,5400,94,304.8,6.67,20,"2",1527,673,0.177,0.328,0.495,"DMA",783,70138,67757,0.149,10198.2733729326,0.031
"58","Dominican Republic","LATIN AMER. & CARIB",9183984,48730,188.5,2.64,-3.22,3238,6000,84.7,97.4,22.65,10.33,"2",2322,573,0.112,0.306,0.582,"DOM",118226,8232586,9927320,0.144,11132.5526905467,0.039
"59","Ecuador","LATIN AMER. & CARIB",13547510,283560,47.8,0.79,-8.58,2366,3300,92.5,125.6,5.85,4.93,"2",2229,423,0.07,0.312,0.618,"ECU",109383,6400048,14464739,0.147,9352.34423681593,0.047
"60","Egypt","NORTHERN AFRICA",78887007,1001450,78.8,0.24,-0.22,3259,4000,57.7,131.8,2.87,0.48,"1",2294,523,0.149,0.357,0.493,"EGY",967012,21750943,81121077,0.178,9857.46828190066,0.122
"61","El Salvador","LATIN AMER. & CARIB",6822378,21040,324.3,1.46,-3.74,251,4800,80.2,142.4,31.85,12.07,"2",2661,578,0.099,0.302,0.599,"SLV",118732,6410726,6192993,0.147,6300.77538777337,0.051
"62","Equatorial Guinea","SUB-SAHARAN AFRICA",540109,28051,19.3,1.06,0,8513,2700,85.7,18.5,4.63,3.57,"2",3559,1506,0.03,0.906,0.062,"GNQ",5977,351600,700401,0.144,33723.3658030152,0.047
"63","Eritrea","SUB-SAHARAN AFRICA",4786994,121320,39.5,1.84,0,7487,700,58.6,7.9,4.95,0.03,"15",3433,96,0.102,0.254,0.643,"ERI",16259,1266222,5253676,0.045,1416.36580154238,0.035
"64","Estonia","BALTICS",1324333,45226,29.3,8.39,-3.16,787,12300,99.8,333.8,16.04,0.45,"3",1004,1325,0.04,0.294,0.666,"EST",5979,878021,1341140,0.176,22740.9720038708,0.019
"65","Ethiopia","SUB-SAHARAN AFRICA",74777981,1127127,66.3,0,0,9532,700,42.7,8.2,10.71,0.75,"2",3798,1486,0.475,0.099,0.426,"ETH",NA,NA,82949541,NA,1073.82629506883,NA
"66","Faeroe Islands","WESTERN EUROPE",47246,1399,33.8,79.84,1.41,624,22000,NA,503.8,2.14,0,NA,1405,87,0.27,0.11,0.62,"FRO",93,50554,48708,0.252,NA,0.005
"67","Fiji","OCEANIA",905949,18270,49.6,6.18,-3.14,1262,5800,93.7,112.6,10.95,4.65,"2",2255,565,0.089,0.135,0.776,"FJI",49257,896145,860623,0.189,7352.08836002372,0.151
"68","Finland","WESTERN EUROPE",5231372,338145,15.5,0.37,0.95,357,27400,100,405.3,7.19,0.03,"3",1045,986,0.028,0.295,0.676,"FIN",4985,2927674,5364546,0.234,39848.1344978775,0.005
"69","France","WESTERN EUROPE",60876136,547030,111.3,0.63,0.66,426,27600,99,586.4,33.53,2.07,"4",1199,914,0.022,0.214,0.764,"FRA",24109,17287280,62787427,0.192,36855.8446824064,0.004
"70","French Guiana","LATIN AMER. & CARIB",199509,91000,2.2,0.42,6.27,1207,8300,83,255.6,0.14,0.05,"2",2046,488,0.066,0.156,0.778,"GUF",2360,167631,231151,0.144,NA,0.039
"71","French Polynesia","OCEANIA",274578,4167,65.9,60.6,2.94,844,17500,98,194.5,0.82,5.46,"2",1668,469,0.031,0.19,0.769,"PYF",1286,270618,270764,0.252,NA,0.013
"72","Gabon","SUB-SAHARAN AFRICA",1424906,267667,5.3,0.33,0,5364,5500,63.2,27.4,1.26,0.66,"2",3616,1225,0.061,0.592,0.348,"GAB",6087,862328,1505463,0.054,15355.7846497731,0.019
"73","Gambia","SUB-SAHARAN AFRICA",1641564,11300,145.3,0.71,1.57,7202,1700,40.1,26.8,25,0.5,"2",3937,1225,0.308,0.142,0.549,"GMB",19616,1324214,1728394,0.048,1644.24236613493,0.041
"74","Georgia","C.W. OF IND. STATES",4661473,69700,66.9,0.44,-4.7,1859,2500,99,146.6,11.44,3.86,"3",1041,923,0.172,0.275,0.553,"GEO",14472,1124249,4352244,0.068,6733.78376130988,0.035
"75","Germany","WESTERN EUROPE",82422299,357021,230.9,0.67,2.18,416,27600,99,667.9,33.85,0.59,"3",825,1062,0.009,0.296,0.695,"DEU",31239,8837035,82302465,0.485,40428.7210307617,0.01
"76","Ghana","SUB-SAHARAN AFRICA",22409572,239460,93.6,0.23,-0.64,5143,2200,74.8,14.4,16.26,9.67,"2",3052,972,0.366,0.246,0.387,"GHA",91571,7727702,24391823,0.04,3059.38362640541,0.032
"77","Gibraltar","WESTERN EUROPE",27928,7,3989.7,171.43,0,513,17500,NA,877.7,0,0,NA,1074,931,NA,NA,NA,"GIB",65,33483,29244,0.252,NA,0.005
"78","Greece","WESTERN EUROPE",10688058,131940,81,10.37,2.35,553,20000,97.5,589.7,21.1,8.78,"3",968,1024,0.054,0.213,0.733,"GRC",14229,9794702,11359346,0.2,28726.0792836873,0.004
"79","Greenland","NORTHERN AMERICA",56361,2166086,0,2.04,-8.37,1582,20000,NA,448.9,0,0,"1",1593,784,NA,NA,NA,"GRL",105,57068,57296,0.252,NA,0.005
"80","Grenada","LATIN AMER. & CARIB",89703,344,260.8,35.17,-13.92,1462,5000,98,364.5,5.88,29.41,"2",2208,688,0.054,0.18,0.766,"GRD",2248,96121,104487,0.325,11177.9997155594,0.064
"81","Guadeloupe","LATIN AMER. & CARIB",452776,1780,254.4,17.19,-0.15,86,8000,90,463.8,11.24,3.55,"2",1505,609,0.15,0.17,0.68,"GLP",6564,466166,460666,0.144,NA,0.039
"82","Guam","OCEANIA",171019,541,316.1,23.2,0,694,21000,99,492,9.09,16.36,"2",1879,448,NA,NA,NA,"GUM",393,190809,179896,0.252,NA,0.006
"83","Guatemala","LATIN AMER. & CARIB",12293545,108890,112.9,0.37,-1.67,3593,4100,70.6,92.1,12.54,5.03,"2",2988,52,0.227,0.188,0.585,"GTM",91563,2392442,14388929,0.28,6714.0635955465,0.105
"84","Guernsey","WESTERN EUROPE",65409,78,838.6,64.1,3.84,471,20000,NA,842.4,NA,NA,"3",881,1001,0.03,0.1,0.87,"GGY",103,56289,NA,0.252,NA,0.005
"85","Guinea","SUB-SAHARAN AFRICA",9690222,245857,39.4,0.13,-3.06,9037,2100,35.9,2.7,3.63,2.58,"2",4176,1548,0.237,0.362,0.401,"GIN",18514,1996496,9981590,0.03,1573.54495756823,0.025
"86","Guinea-Bissau","SUB-SAHARAN AFRICA",1442029,36120,39.9,0.97,-1.57,10717,800,42.4,7.4,10.67,8.82,"2",3722,1653,0.62,0.12,0.26,"GNB",20240,1208106,1515224,0.054,1400.36329312665,0.046
"87","Guyana","LATIN AMER. & CARIB",767245,214970,3.6,0.21,-2.07,3326,4000,98.8,143.5,2.44,0.15,"2",1828,828,0.37,0.203,0.427,"GUY",42002,513235,754493,0.586,5847.85725499679,0.224
"88","Haiti","LATIN AMER. & CARIB",8308504,27750,299.4,6.38,-3.4,7345,1600,52.9,16.9,28.3,11.61,"2",3644,1217,0.28,0.2,0.52,"HTI",147389,9155693,9993247,0.09,1502.03271141224,0.044
"89","Honduras","LATIN AMER. & CARIB",7326496,112090,65.4,0.73,-1.99,2932,2600,76.2,67.5,9.55,3.22,"2",2824,528,0.139,0.312,0.549,"HND",95638,3324144,7600524,0.189,3971.18299352727,0.079
"90","Hong Kong","ASIA (EX. NEAR EAST)",6940432,1092,6355.7,67.12,5.24,297,28800,93.5,546.7,5.05,1.01,"2",729,629,0.001,0.092,0.906,"HKG",28512,7573074,7053189,0.398,48107.7086333279,0.01
"91","Hungary","EASTERN EUROPE",9981334,93030,107.3,0,0.86,857,13900,99.4,336.2,50.09,2.06,"3",972,1311,0.037,0.312,0.651,"HUN",NA,NA,9983645,NA,22404.2391969471,NA
"92","Iceland","WESTERN EUROPE",299388,103000,2.9,4.83,2.38,331,30900,99.9,647.7,0.07,0,"3",1364,672,0.086,0.15,0.765,"ISL",598,292708,320136,0.281,38978.0055953415,0.006
"93","India","ASIA (EX. NEAR EAST)",1095351995,3287590,333.2,0.21,-0.07,5629,2900,59.5,45.4,54.4,2.74,"25",2201,818,0.186,0.276,0.538,"IND",599819,187493433,1224614327,0.01,4404.69700530387,0.009
"94","Indonesia","ASIA (EX. NEAR EAST)",245452739,1919440,127.9,2.85,0,356,3200,87.9,52,11.32,7.23,"2",2034,625,0.134,0.458,0.408,"IDN",3216856,187223476,239870937,0.057,8433.49735678452,0.047
"95","Iran","ASIA (EX. NEAR EAST)",68688433,1648000,41.7,0.15,-0.84,4158,7000,79.4,276.4,8.72,1.39,"1",17,555,0.116,0.424,0.46,"IRN",247403,9099695,73973630,0.144,17942.8328426143,0.074
"96","Iraq","NEAR EAST",26783383,437072,61.3,0.01,0,5025,1500,40.4,38.6,13.15,0.78,"1",3198,537,0.073,0.666,0.261,"IRQ",15563,639228,31671591,0.103,12717.5975271684,0.067
"97","Ireland","WESTERN EUROPE",4062235,70280,57.8,2.06,4.99,539,29600,98,500.5,15.2,0.03,"3",1445,782,0.05,0.46,0.49,"IRL",11710,3749576,4469900,0.43,44030.4141487055,0.009
"98","Isle of Man","WESTERN EUROPE",75441,572,131.9,27.97,5.36,593,21000,NA,676,9,0,"3",1105,1119,0.01,0.13,0.86,"IMN",NA,NA,82869,NA,NA,NA
"99","Israel","NEAR EAST",6352117,20770,305.8,1.31,0.68,703,19800,95.4,462.3,16.39,4.17,"3",1797,618,0.026,0.317,0.657,"ISR",19007,6677810,7418400,0.297,29743.0058727916,0.008
"100","Italy","WESTERN EUROPE",58133509,301230,193,2.52,2.07,594,26700,98.6,430.9,27.79,9.53,NA,872,104,0.021,0.291,0.688,"ITA",32761,33822532,60550848,0.134,36201.1615672134,0.003
"101","Jamaica","LATIN AMER. & CARIB",2758124,10991,250.9,9.3,-4.92,1236,3900,87.9,124,16.07,10.16,"2",2082,652,0.049,0.337,0.615,"JAM",10019,2820558,2741052,0.034,7996.01948795873,0.01
"102","Japan","ASIA (EX. NEAR EAST)",127463611,377835,337.4,7.87,0,326,28200,99,461.2,12.19,0.96,"3",937,916,0.017,0.258,0.725,"JPN",143121,115228891,126535920,0.171,35749.7566788784,0.003
"103","Jordan","NEAR EAST",5906760,92300,64,0.03,6.59,1735,4300,91.3,104.5,2.67,1.83,"1",2125,265,0.033,0.287,0.68,"JOR",1737,55392,6187227,0.144,9472.76832624669,0.086
"104","Kazakhstan","C.W. OF IND. STATES",15233244,2717300,5.6,0,-3.35,2921,6300,98.4,164.1,7.98,0.05,"4",16,942,0.067,0.386,0.547,"KAZ",NA,NA,16026367,NA,20096.5597617591,NA
"105","Kenya","SUB-SAHARAN AFRICA",34707817,582650,59.6,0.09,-0.1,6147,1000,85.1,8.1,8.08,0.98,"15",3972,1402,0.163,0.188,0.651,"KEN",22658,2729945,40512682,0.027,2476.01074216401,0.023
"106","Kiribati","OCEANIA",105432,811,130,140.94,0,4852,800,NA,42.7,2.74,50.68,"2",3065,826,0.089,0.242,0.668,"KIR",3045,94487,99546,0.103,1731.53862650466,0.088
"107","North Korea","ASIA (EX. NEAR EAST)",23113019,120540,191.8,2.07,0,2404,1300,99,42.4,20.76,2.49,"3",1554,713,0.3,0.34,0.36,"PRK",304328,17327483,24346229,0.054,NA,0.048
"108","South Korea","ASIA (EX. NEAR EAST)",48846823,98480,496,2.45,0,705,17800,97.9,486.1,17.18,1.95,"3",10,585,0.033,0.403,0.563,"KOR",33747,41654619,48183584,0.112,30352.1048190303,0.001
"109","Kuwait","NEAR EAST",2418393,17820,135.7,2.8,14.18,995,19000,83.5,211,0.73,0.11,"1",2194,241,0.004,0.479,0.516,"KWT",11489,2293604,2736732,0.686,75204.145116617,0.014
"110","Kyrgyzstan","C.W. OF IND. STATES",5213898,198500,26.3,0,-2.45,3564,1600,97,84,7.3,0.35,"25",228,708,0.353,0.208,0.439,"KGZ",NA,NA,5334223,NA,2790.17066394311,NA
"111","Laos","ASIA (EX. NEAR EAST)",6368481,236800,26.9,0,0,8522,1700,66.4,14.1,3.8,0.35,"2",3549,1155,0.455,0.287,0.258,"LAO",NA,NA,6200894,NA,4218.78204415944,NA
"112","Latvia","BALTICS",2274735,64589,35.2,0.82,-2.23,955,10200,99.8,321.4,29.67,0.47,"3",924,1366,0.04,0.261,0.699,"LVA",10284,1432078,2252060,0.124,18251.9532813473,0.02
"113","Lebanon","NEAR EAST",3874050,10400,372.5,2.16,0,2452,4800,87.4,255.6,16.62,13.98,NA,1852,621,0.12,0.21,0.67,"LBN",47815,3890871,4227597,0.094,16451.7598336606,0.034
"114","Lesotho","SUB-SAHARAN AFRICA",2022331,30355,66.6,0,-0.74,8423,3000,84.8,23.7,10.87,0.13,"3",2475,2871,0.163,0.443,0.394,"LSO",NA,NA,2171318,NA,2365.68346109084,NA
"115","Liberia","SUB-SAHARAN AFRICA",3042004,111370,27.3,0.52,0,12887,1000,57.5,2.3,3.95,2.28,"2",4477,231,0.769,0.054,0.177,"LBR",56728,2148271,3994122,0.084,699.653721510599,0.072
"116","Libya","NORTHERN AFRICA",5900754,1759540,3.4,0.1,0,246,6400,82.6,127.1,1.03,0.19,NA,2649,348,0.076,0.499,0.425,"LBY",52779,4050128,6355112,0.144,29630.2221484622,0.036
"117","Liechtenstein","WESTERN EUROPE",33987,160,212.4,0,4.85,47,25000,100,585.5,25,0,"4",1021,718,0.06,0.39,0.55,"LIE",NA,NA,36032,NA,NA,NA
"118","Lithuania","BALTICS",3585906,65200,55,0.14,-0.71,689,11400,99.6,223.4,45.22,0.91,NA,875,1098,0.055,0.325,0.62,"LTU",3479,443894,3323611,0.132,21070.6343301646,0.021
"119","Luxembourg","WESTERN EUROPE",474413,2586,183.5,0,8.97,481,55100,100,515.4,23.28,0.4,NA,1194,841,0.01,0.13,0.86,"LUX",NA,NA,507448,NA,91743.2938905974,NA
"120","Macao","ASIA (EX. NEAR EAST)",453125,28,16183,146.43,4.86,439,19400,94.5,384.9,0,0,"2",848,447,0.001,0.072,0.927,"MAC",698,257911,543656,0.368,98184.3365009534,0.007
"121","Macedonia","EASTERN EUROPE",2050554,25333,80.9,0,-1.45,1009,6700,NA,260,22.26,1.81,"3",1202,877,0.118,0.319,0.563,"MKD",NA,NA,2060563,NA,11355.3674926425,NA
"122","Madagascar","SUB-SAHARAN AFRICA",18595469,587040,31.7,0.82,0,7683,800,68.9,3.6,5.07,1.03,"2",4141,1111,0.276,0.165,0.559,"MDG",34522,7062413,20713819,0.016,1385.68507168039,0.013
"123","Malawi","SUB-SAHARAN AFRICA",13013926,118480,109.8,0,0,10332,600,62.7,7.9,23.38,1.49,"2",4313,1933,0.342,0.158,0.499,"MWI",NA,NA,14900841,NA,1032.9628806199,NA
"124","Malaysia","ASIA (EX. NEAR EAST)",24385858,329750,74,1.42,0,177,9000,88.7,179,5.48,17.61,"2",2286,505,0.084,0.48,0.436,"MYS",936818,22890252,28401017,0.198,21107.2679372523,0.112
"125","Maldives","ASIA (EX. NEAR EAST)",359008,300,1196.7,214.67,0,5652,3900,97.2,90,13.33,16.67,"2",3481,706,0.2,0.18,0.62,"MDV",31469,392567,315885,0.322,12005.5046183167,0.22
"126","Mali","SUB-SAHARAN AFRICA",11716829,1240000,9.5,0,-0.33,11679,900,46.4,6.4,3.82,0.03,"2",4982,1689,0.45,0.17,0.38,"MLI",NA,NA,15369809,NA,1871.98474385098,NA
"127","Malta","WESTERN EUROPE",400214,316,1266.5,62.28,2.07,389,17700,92.8,505,28.13,3.13,NA,1022,81,0.03,0.23,0.74,"MLT",2620,404707,416515,0.214,28364.7993209208,0.018
"128","Marshall Islands","OCEANIA",60422,11854,5.1,3.12,-6.04,2945,1600,93.7,91.2,16.67,38.89,"2",3305,478,0.317,0.149,0.534,"MHL",3187,58086,54038,0.192,3479.15530340683,0.15
"129","Martinique","LATIN AMER. & CARIB",436131,1100,396.5,31.82,-0.05,709,14400,97.7,394.4,10.38,9.43,"2",1374,648,0.06,0.11,0.83,"MTQ",749,402257,405814,0.252,NA,0.005
"130","Mauritania","SUB-SAHARAN AFRICA",3177388,1030700,3.1,0.07,0,7089,1800,41.7,12.9,0.48,0.01,"1",4099,1216,0.25,0.29,0.46,"MRT",13854,1005481,3459773,0.045,3316.97478042489,0.038
"131","Mauritius","SUB-SAHARAN AFRICA",1240827,2040,608.3,8.68,-0.9,1503,11400,85.6,289.3,49.26,2.96,"2",1543,686,0.059,0.298,0.643,"MUS",56051,1255952,1299172,0.23,15938.4192089782,0.122
"132","Mayotte","SUB-SAHARAN AFRICA",201234,374,538.1,49.52,6.78,624,2600,NA,49.7,NA,NA,"2",4095,77,NA,NA,NA,"MYT",NA,NA,204114,NA,NA,NA
"133","Mexico","LATIN AMER. & CARIB",107449525,1972550,54.5,0.47,-4.87,2091,9000,92.2,181.6,12.99,1.31,"15",2069,474,0.038,0.259,0.702,"MEX",101343,22647771,113423047,0.087,15715.9721449501,0.012
"134","Micronesia (country)","OCEANIA",108004,702,153.9,870.66,-20.99,3021,2000,89,114.8,5.71,45.71,"2",2468,475,0.289,0.152,0.559,"FSM",4794,154895,NA,0.103,3297.65693360804,0.085
"135","Moldova","C.W. OF IND. STATES",4466706,33843,132,0,-0.26,4042,1800,99.1,208.1,55.3,10.79,NA,157,1264,0.213,0.233,0.555,"MDA",NA,NA,3572885,NA,3910.86053324527,NA
"136","Monaco","WESTERN EUROPE",32543,2,16271.5,205,7.75,543,27000,99,1035.6,0,0,NA,919,1291,0.17,NA,NA,"MCO",62,34050,35407,0.252,NA,0.005
"137","Mongolia","ASIA (EX. NEAR EAST)",2832224,1564116,1.8,0,0,5379,1800,97.8,55.1,0.77,0,"1",2159,695,0.206,0.214,0.58,"MNG",NA,NA,2756001,NA,7708.59999413593,NA
"138","Montserrat","LATIN AMER. & CARIB",9439,102,92.5,39.22,0,735,3400,97,NA,20,0,"2",1759,71,NA,NA,NA,"MSR",38,5173,5934,0.144,NA,0.02
"139","Morocco","NORTHERN AFRICA",33241259,446550,74.4,0.41,-0.98,4162,4000,51.7,40.4,19.61,2.17,NA,2198,558,0.217,0.357,0.426,"MAR",310126,17303431,31951412,0.073,6443.25361319481,0.049
"140","Mozambique","SUB-SAHARAN AFRICA",19686505,801590,24.6,0.31,0,13079,1200,47.8,3.5,5.1,0.3,"2",3518,2135,0.262,0.348,0.39,"MOZ",45995,9566559,23390765,0.015,917.763832040531,0.013
"141","Namibia","SUB-SAHARAN AFRICA",2044147,825418,2.5,0.19,0,4898,7200,84,62.6,0.99,0,"1",2432,1886,0.097,0.315,0.588,"NAM",5480,155084,2283289,0.144,8460.84736812378,0.097
"142","Nauru","OCEANIA",13287,21,632.7,142.86,0,995,5000,NA,143,0,0,"2",2476,67,NA,NA,NA,"NRU",554,15289,10255,0.144,6592.43683574598,0.099
"143","Nepal","ASIA (EX. NEAR EAST)",28287147,147181,192.2,0,0,6698,1400,45.2,15.9,21.68,0.64,NA,3098,931,0.38,0.21,0.41,"NPL",NA,NA,29959364,NA,1985.98034060169,NA
"144","Netherlands","WESTERN EUROPE",16491461,41526,397.1,1.09,2.91,504,28600,99,460.8,26.71,0.97,"3",109,868,0.021,0.244,0.736,"NLD",27700,8971770,16612988,0.424,45524.6621425733,0.008
"145","Netherlands Antilles","LATIN AMER. & CARIB",221736,960,231,37.92,-0.41,1003,11400,96.7,365.3,10,0,"2",1478,645,0.01,0.15,0.84,"ANT",416,227165,NA,0.252,NA,0.005
"146","New Caledonia","OCEANIA",219246,19060,11.5,11.83,0,772,15000,91,252.2,0.38,0.33,"2",1811,569,0.15,0.088,0.762,"NCL",472,257904,250870,0.252,NA,0.005
"147","New Zealand","OCEANIA",4076140,268680,15.2,5.63,4.05,585,21600,99,441.7,5.6,6.99,"3",1376,753,0.043,0.273,0.684,"NZL",9286,3862054,4368136,0.331,32119.2155430773,0.007
"148","Nicaragua","LATIN AMER. & CARIB",5570129,129494,43,0.7,-1.22,2911,2300,67.5,39.7,15.94,1.94,"2",2451,445,0.165,0.275,0.56,"NIC",84415,3482653,5788163,0.143,4028.71208738128,0.066
"149","Niger","SUB-SAHARAN AFRICA",12525094,1267000,9.9,0,-0.67,12169,800,17.6,1.9,3.54,0.01,"1",5073,2091,0.39,0.17,0.44,"NER",NA,NA,15511953,NA,814.240936151832,NA
"150","Nigeria","SUB-SAHARAN AFRICA",131859731,923768,142.7,0.09,0.26,988,900,68,9.3,31.29,2.96,"15",4043,1694,0.269,0.487,0.244,"NGA",851493,27477112,158423182,0.103,5150.15881822763,0.085
"151","Northern Mariana Islands","OCEANIA",82459,477,172.9,310.69,9.61,711,12500,97,254.7,13.04,4.35,"2",1943,229,NA,NA,NA,"MNP",219,106256,60917,0.252,NA,0.006
"152","Norway","WESTERN EUROPE",4610820,323802,14.2,7.77,1.74,37,37800,100,461.7,2.87,0,"3",1146,94,0.021,0.415,0.564,"NOR",8403,4131679,4883111,0.28,62350.4107068751,0.006
"153","Oman","NEAR EAST",3102229,212460,14.6,0.98,0.28,1951,13100,75.8,85.5,0,0.14,"1",3624,381,0.027,0.39,0.583,"OMN",4658,2597556,2782435,0.084,45335.8525168436,0.005
"154","Pakistan","ASIA (EX. NEAR EAST)",165803560,803940,206.2,0.13,-2.77,7244,2100,45.7,31.8,27.87,0.87,"1",2974,823,0.216,0.251,0.533,"PAK",480493,14581952,173593383,0.103,4283.60731163635,0.09
"155","Palau","OCEANIA",20579,458,44.9,331.66,2.85,1484,9000,92,325.6,8.7,4.35,"2",1803,68,0.062,0.12,0.818,"PLW",716,23446,20472,0.144,11846.5739334318,0.084
"156","Panama","LATIN AMER. & CARIB",3191319,78200,40.8,3.18,-0.91,2047,6300,92.6,137.9,7.36,1.98,"2",2174,536,0.068,0.156,0.776,"PAN",34388,3249531,3516820,0.145,15628.5922438738,0.029
"157","Papua New Guinea","OCEANIA",5670544,462840,12.3,1.11,0,5145,2200,64.6,10.9,0.46,1.44,"2",2936,725,0.353,0.381,0.266,"PNG",89835,2747514,6858266,0.103,3191.58041028301,0.09
"158","Paraguay","LATIN AMER. & CARIB",6506464,406750,16,0,-0.08,2563,4700,94,49.2,7.6,0.23,"2",291,449,0.224,0.207,0.569,"PRY",NA,NA,6454548,NA,7289.51391005233,NA
"159","Peru","LATIN AMER. & CARIB",28302603,1285220,22,0.19,-1.05,3194,5100,90.9,79.5,2.89,0.4,"15",2048,623,0.08,0.27,0.65,"PER",194453,13765608,29076512,0.144,9956.55663668307,0.039
"160","Philippines","ASIA (EX. NEAR EAST)",89468677,3e+05,298.2,12.1,-1.5,2351,4600,92.6,38.4,18.95,16.77,"2",2489,541,0.144,0.326,0.53,"PHL",1883659,83446862,93260798,0.075,5596.83728794962,0.062
"161","Poland","EASTERN EUROPE",38536869,312685,123.3,0.16,-0.49,851,11100,99.8,306.3,45.91,1.12,"3",985,989,0.05,0.311,0.64,"POL",15703,3272933,38276660,0.097,21770.6444359772,0.013
"162","Portugal","WESTERN EUROPE",10605870,92391,114.8,1.94,3.57,505,18000,93.3,399.2,21.75,7.81,"3",1072,105,0.053,0.274,0.673,"PRT",16402,8507951,10675572,0.265,27238.4606724422,0.005
"163","Puerto Rico","LATIN AMER. & CARIB",3927188,13790,284.8,3.63,-1.46,824,16800,94.1,283.1,3.95,5.52,"2",1277,765,0.01,0.45,0.54,"PRI",16517,4249848,3749009,0.252,33924.0540101397,0.011
"164","Qatar","NEAR EAST",885359,11437,77.4,4.92,16.29,1861,21500,82.5,232,1.64,0.27,"1",1556,472,0.002,0.801,0.197,"QAT",758,653007,1758793,0.16,125140.838348001,0.003
"165","Reunion","SUB-SAHARAN AFRICA",787584,2517,312.9,8.22,0,778,5800,88.9,380.9,13.6,1.2,"2",189,549,0.08,0.19,0.73,"REU",847,809426,846068,0.144,NA,0.003
"166","Romania","EASTERN EUROPE",22303552,237500,93.9,0.09,-0.13,2643,7000,98.4,196.9,40.82,2.25,"3",107,1177,0.101,0.35,0.549,"ROU",3610,875170,21486371,0.042,17553.2832966444,0.011
"167","Russia","C.W. OF IND. STATES",142893540,17075200,8.4,0.22,1.02,1539,8900,99.6,280.6,7.33,0.11,NA,995,1465,0.054,0.371,0.575,"RUS",80759,10812537,142958164,0.112,23107.7852212759,0.02
"168","Rwanda","SUB-SAHARAN AFRICA",8648248,26338,328.4,0,0,9123,1300,70.4,2.7,40.54,12.16,"3",4037,1609,0.401,0.229,0.37,"RWA",NA,NA,10624005,NA,1365.17423994085,NA
"169","Saint Helena","SUB-SAHARAN AFRICA",7502,413,18.2,14.53,0,19,2500,97,293.3,12.9,0,NA,1213,653,NA,NA,NA,"SHN",96,6839,4118,0.144,NA,0.039
"170","Saint Kitts and Nevis","LATIN AMER. & CARIB",39129,261,149.9,51.72,-7.11,1449,8800,97,638.9,19.44,2.78,"2",1802,833,0.035,0.258,0.707,"KNA",715,36102,52402,0.654,21412.201453108,0.054
"171","Saint Lucia","LATIN AMER. & CARIB",168458,616,273.5,25.65,-2.67,1353,5400,67,303.3,6.56,22.95,"2",1968,508,0.07,0.2,0.73,"LCA",6709,163227,174267,0.522,12123.8351390475,0.113
"172","Saint Pierre and Miquelon","NORTHERN AMERICA",7026,242,29,49.59,-4.86,754,6900,99,683.2,13.04,0,NA,1352,683,NA,NA,NA,"SPM",11,5888,NA,0.252,NA,0.005
"173","Saint Vincent and the Grenadines","LATIN AMER. & CARIB",117848,389,303,21.59,-7.64,1478,2900,96,190.9,17.95,17.95,"2",1618,598,0.1,0.26,0.64,"VCT",2245,120149,109333,0.221,9915.57761891195,0.051
"174","Samoa","OCEANIA",176908,2944,60.1,13.69,-11.7,2771,5600,99.7,75.2,21.2,24.38,"2",1643,662,0.114,0.584,0.302,"WSM",5122,168025,183081,0.103,5399.89309631838,0.084
"175","San Marino","WESTERN EUROPE",29251,61,479.5,0,10.98,573,34600,96,704.3,16.67,0,NA,1002,817,NA,NA,NA,"SMR",NA,NA,31534,NA,73862.3374374501,NA
"176","Sao Tome and Principe","SUB-SAHARAN AFRICA",193413,1001,193.2,20.88,-2.72,4311,1200,79.3,36.2,6.25,48.96,"2",4025,647,0.167,0.148,0.684,"STP",5081,163740,165397,0.103,2641.51394847294,0.085
"177","Saudi Arabia","NEAR EAST",27019731,1960582,13.8,0.13,-2.71,1324,11800,78.8,140.6,1.67,0.09,"1",2934,258,0.033,0.613,0.354,"SAU",20552,3593471,27448086,0.156,45421.2284797446,0.016
"178","Senegal","SUB-SAHARAN AFRICA",11987121,196190,61.1,0.27,0.2,5551,1600,40.2,22.2,12.78,0.21,"2",3278,942,0.172,0.209,0.619,"SEN",254770,8125063,12433728,0.103,2183.99505141766,0.086
"179","Serbia","EASTERN EUROPE",9396411,88361,106.3,0,-1.33,1289,2200,93,285.8,33.35,3.2,NA,NA,NA,0.166,0.255,0.579,"SRB",NA,NA,9856222,NA,12688.1242898741,NA
"180","Seychelles","SUB-SAHARAN AFRICA",81541,455,179.2,107.91,-5.69,1553,7800,58,262.4,2.22,13.33,"2",1603,629,0.032,0.304,0.665,"SYC",4619,91361,86518,0.358,20365.1189331513,0.139
"181","Sierra Leone","SUB-SAHARAN AFRICA",6005250,71740,83.7,0.56,0,14364,500,31.4,4,6.98,0.89,"2",4576,2303,0.49,0.31,0.21,"SLE",36408,2887017,5867536,0.041,1199.98985027502,0.035
"182","Singapore","ASIA (EX. NEAR EAST)",4492150,693,6482.2,27.85,11.53,229,23700,92.5,411.4,1.64,0,"2",934,428,0,0.339,0.661,"SGP",6472,4492494,5086418,0.194,72115.8395014504,0.004
"183","Slovakia","EASTERN EUROPE",5439448,48845,111.4,0,0.3,741,13300,NA,220.1,30.16,2.62,"3",1065,945,0.035,0.294,0.672,"SVK",NA,NA,5462119,NA,25159.0775487579,NA
"184","Slovenia","EASTERN EUROPE",2010347,20273,99.2,0.23,1.12,445,19000,99.7,406.1,8.6,1.49,NA,898,1031,0.028,0.369,0.603,"SVN",556,336594,2029680,0.145,28678.3726303687,0.005
"185","Solomon Islands","OCEANIA",552438,28450,19.4,18.67,0,2129,1700,NA,13.4,0.64,2,"2",3001,392,0.42,0.11,0.47,"SLB",20394,618678,538148,0.103,1871.36935209356,0.09
"186","Somalia","SUB-SAHARAN AFRICA",8863338,637657,13.9,0.47,5.37,1167,500,37.8,11.3,1.67,0.04,"1",4513,1663,0.65,0.1,0.25,"SOM",101531,5971169,9330872,0.054,NA,0.047
"187","South Africa","SUB-SAHARAN AFRICA",44187637,1219912,36.2,0.23,-0.29,6181,10700,86.4,107,12.08,0.79,"1",182,22,0.025,0.303,0.671,"ZAF",630005,12899201,50132817,0.24,11887.8050343927,0.134
"188","Spain","WESTERN EUROPE",40397842,504782,80,0.98,0.99,442,22000,97.9,453.5,26.07,9.87,"3",1006,972,0.04,0.295,0.665,"ESP",45853,22771488,46076989,0.277,32507.0939660629,0.006
"189","Sri Lanka","ASIA (EX. NEAR EAST)",20222240,65610,308.2,2.04,-1.31,1435,3700,92.3,61.5,13.86,15.7,"2",1551,652,0.178,0.276,0.545,"LKA",1591179,14568174,20859949,0.357,8529.57144219453,0.299
"190","Sudan","SUB-SAHARAN AFRICA",41236378,2505810,16.5,0.03,-0.02,625,1900,61.1,16.3,6.83,0.18,"2",3453,897,0.387,0.203,0.41,"SDN",22928,752529,34136520,0.103,3366.09626107549,0.083
"191","Suriname","LATIN AMER. & CARIB",439117,163270,2.7,0.24,-8.81,2357,4000,93,184.7,0.37,0.06,"2",1802,727,0.13,0.22,0.65,"SUR",3942,402263,524636,0.163,14211.8775163255,0.027
"192","Swaziland","SUB-SAHARAN AFRICA",1136334,17363,65.5,0,0,6927,4900,81.6,30.8,10.35,0.7,"25",2741,2974,0.119,0.515,0.366,"SWZ",NA,NA,1186056,NA,7296.51111860929,NA
"193","Sweden","WESTERN EUROPE",9016596,449964,20,0.72,1.67,277,26800,99,715,6.54,0.01,"3",1027,1031,0.011,0.282,0.707,"SWE",2150,6202234,9379687,0.048,42942.5625032962,0.001
"194","Switzerland","WESTERN EUROPE",7523934,41290,182.2,0,4.05,439,32700,99,680.9,10.42,0.61,"3",971,849,0.015,0.34,0.645,"CHE",NA,NA,7664318,NA,55866.3050707537,NA
"195","Syria","NEAR EAST",18881361,185180,102,0.1,0,2953,3300,76.9,153.8,25.22,4.43,"1",2776,481,0.249,0.23,0.519,"SYR",157904,3621997,20410606,0.178,NA,0.119
"196","Taiwan","ASIA (EX. NEAR EAST)",23036087,35980,640.3,4.35,0,64,23400,96.1,591,24,1,"2",1256,648,0.018,0.259,0.723,"TWN",45718,22211567,23025000,0.252,NA,0.006
"197","Tajikistan","C.W. OF IND. STATES",7320815,143100,51.2,0,-2.86,11076,1000,99.4,33.5,6.61,0.92,"2",3265,825,0.234,0.286,0.48,"TJK",NA,NA,6878637,NA,2106.33875580206,NA
"198","Tanzania","SUB-SAHARAN AFRICA",37445392,945087,39.6,0.15,-2.06,9854,600,78.2,4,4.52,1.08,NA,3771,1639,0.432,0.172,0.396,"TZA",48586,6688695,44841226,0.023,2090.58322467574,0.02
"199","Thailand","ASIA (EX. NEAR EAST)",64631595,514000,125.7,0.63,0,2048,7400,92.6,108.9,29.36,6.46,"2",1387,704,0.099,0.441,0.46,"THA",1027739,26043442,69122234,0.144,13486.5624149548,0.108
"200","Togo","SUB-SAHARAN AFRICA",5548702,56785,97.7,0.1,0,6661,1500,60.9,10.6,46.15,2.21,"2",3701,983,0.395,0.204,0.401,"TGO",35401,1991642,6027798,0.057,1208.2812098328,0.049
"201","Tonga","OCEANIA",114689,748,153.3,56.02,0,1262,2200,98.5,97.7,23.61,43.06,"2",2537,528,0.23,0.27,0.5,"TON",6624,102872,104058,0.223,4984.19362951029,0.176
"202","Trinidad and Tobago","LATIN AMER. & CARIB",1065842,5128,207.9,7.06,-10.83,2431,9500,98.6,303.5,14.62,9.16,"2",129,1057,0.007,0.57,0.423,"TTO",94066,1358433,1341465,3.6,31260.9070471763,0.19
"203","Tunisia","NORTHERN AFRICA",10175014,163610,62.2,0.7,-0.57,2477,6900,74.2,123.6,17.86,13.74,"3",1552,513,0.132,0.318,0.55,"TUN",234309,7274973,10480934,0.144,10436.3655998628,0.088
"204","Turkey","NEAR EAST",70413958,780580,90.2,0.92,0,4104,6700,86.5,269.5,30.93,3.31,"3",1662,597,0.117,0.298,0.585,"TUR",485937,34042862,72752325,0.212,17959.2591065745,0.039
"205","Turkmenistan","C.W. OF IND. STATES",5042920,488100,10.3,0,-0.86,7308,5800,98,74.6,3.72,0.14,"1",2761,86,0.209,0.38,0.411,"TKM",NA,NA,5041995,NA,9942.4269559212,NA
"206","Turks and Caicos Islands","LATIN AMER. & CARIB",21152,430,49.2,90.47,11.68,1567,9600,98,269.5,2.33,0,"2",2184,421,NA,NA,NA,"TCA",49,22570,38354,0.252,NA,0.006
"207","Tuvalu","OCEANIA",11810,26,454.2,92.31,0,2003,1100,NA,59.3,0,0,"2",2218,711,0.166,0.272,0.562,"TUV",457,11563,9827,0.144,2986.44985588888,0.108
"208","Uganda","SUB-SAHARAN AFRICA",28195754,236040,119.5,0,0,6783,1400,69.9,3.6,25.88,10.65,"2",4735,1224,0.311,0.222,0.469,"UGA",NA,NA,33424683,NA,1515.86641152128,NA
"209","Ukraine","C.W. OF IND. STATES",46710816,603700,77.4,0.46,-0.39,2034,5400,99.7,259.9,56.21,1.61,"3",882,1439,0.187,0.452,0.361,"UKR",128765,6812799,45448329,0.103,7824.49845171438,0.052
"210","United Arab Emirates","NEAR EAST",2602713,82880,31.4,1.59,1.03,1451,23200,77.9,475.3,0.6,2.25,"1",1896,44,0.04,0.585,0.375,"ARE",3016,2018302,7511690,0.199,57232.6180757649,0.004
"211","United Kingdom","WESTERN EUROPE",60609153,244820,247.6,5.08,2.19,516,27700,99,543.5,23.46,0.21,"3",1071,1013,0.005,0.237,0.758,"GBR",67549,43258889,62035570,0.215,36366.9831782522,0.004
"212","United States","NORTHERN AMERICA",298444215,9631420,31,0.21,3.41,65,37800,97,898,19.13,0.22,"3",1414,826,0.01,0.204,0.787,"USA",275424,112925034,310383948,0.335,49374.1788851797,0.007
"213","Uruguay","LATIN AMER. & CARIB",3431932,176220,19.5,0.37,-0.32,1195,12800,98,291.4,7.43,0.23,"3",1391,905,0.093,0.311,0.596,"URY",21562,2433597,3368786,0.252,17082.4046586765,0.024
"214","Uzbekistan","C.W. OF IND. STATES",27307134,447400,61,0,-1.72,711,1700,99.3,62.9,10.83,0.83,"1",2636,784,0.342,0.229,0.43,"UZB",NA,NA,27444702,NA,4239.70220839215,NA
"215","Vanuatu","OCEANIA",208869,12200,17.1,20.72,0,5516,2900,53,32.6,2.46,7.38,"2",2272,782,0.26,0.12,0.62,"VUT",22478,251851,239651,0.295,2948.03293729183,0.245
"216","Venezuela","LATIN AMER. & CARIB",25730435,912050,28.2,0.31,-0.04,222,4800,93.4,140.1,2.95,0.92,"2",1871,492,0.04,0.419,0.541,"VEN",102333,16094897,28979857,0.252,16544.9720552598,0.017
"217","Vietnam","ASIA (EX. NEAR EAST)",84402966,329560,256.1,1.05,-0.45,2595,2500,90.3,187.7,19.97,5.95,"2",1686,622,0.209,0.41,0.381,"VNM",1833819,55858245,87848445,0.103,4408.16861192198,0.09
"218","Western Sahara","NORTHERN AFRICA",273008,266000,1,0.42,NA,NA,NA,NA,NA,0.02,0,"1",NA,NA,NA,NA,0.4,"ESH",NA,NA,530500,NA,NA,NA
"219","Yemen","NEAR EAST",21456188,527970,40.6,0.36,0,615,800,50.2,37.2,2.78,0.24,"1",4289,83,0.135,0.472,0.393,"YEM",169181,6048920,NA,0.103,4478.7435991429,0.077
"220","Zambia","SUB-SAHARAN AFRICA",11502010,752614,15.3,0,0,8829,800,80.6,8.2,7.08,0.03,"2",41,1993,0.22,0.29,0.489,"ZMB",NA,NA,13088570,NA,3279.27716144476,NA
"221","Zimbabwe","SUB-SAHARAN AFRICA",12236805,390580,31.3,0,0,6769,1900,90.7,26.8,8.32,0.34,"2",2801,2184,0.179,0.243,0.579,"ZWE",NA,NA,12571454,NA,1474.87712795527,NA
"222","Channel Islands",NA,NA,NA,NA,NA,NA,NA,NA,NA,NA,NA,NA,NA,NA,NA,NA,NA,NA,"OWID_CIS",281,153352,NA,0.252,NA,0.005
"223","Christmas Island",NA,NA,NA,NA,NA,NA,NA,NA,NA,NA,NA,NA,NA,NA,NA,NA,NA,NA,"CXR",3,1402,1400,0.252,NA,0.005
"224","Cocos Islands",NA,NA,NA,NA,NA,NA,NA,NA,NA,NA,NA,NA,NA,NA,NA,NA,NA,NA,"CCK",1,596,596,0.252,NA,0.005
"225","Curacao",NA,NA,NA,NA,NA,NA,NA,NA,NA,NA,NA,NA,NA,NA,NA,NA,NA,NA,"CUW",268,143784,NA,0.252,NA,0.005
"226","Falkland Islands",NA,NA,NA,NA,NA,NA,NA,NA,NA,NA,NA,NA,NA,NA,NA,NA,NA,NA,"FLK",5,2602,NA,0.252,NA,0.005
"227","Montenegro",NA,NA,NA,NA,NA,NA,NA,NA,NA,NA,NA,NA,NA,NA,NA,NA,NA,NA,"MNE",4416,260336,631490,0.144,14034.5845640087,0.046
"228","Niue",NA,NA,NA,NA,NA,NA,NA,NA,NA,NA,NA,NA,NA,NA,NA,NA,NA,NA,"NIU",4,1799,1468,0.252,NA,0.006
"229","Norfolk Island",NA,NA,NA,NA,NA,NA,NA,NA,NA,NA,NA,NA,NA,NA,NA,NA,NA,NA,"NFK",68,2156,NA,0.103,NA,0.086
"230","Palestine",NA,NA,NA,NA,NA,NA,NA,NA,NA,NA,NA,NA,NA,NA,NA,NA,NA,NA,"PSE",5599,3045258,NA,0.063,4172.74568921544,0.005
"231","Pitcairn",NA,NA,NA,NA,NA,NA,NA,NA,NA,NA,NA,NA,NA,NA,NA,NA,NA,NA,"PCN",NA,NA,50,NA,NA,NA
"232","Sint Maarten (Dutch part)",NA,NA,NA,NA,NA,NA,NA,NA,NA,NA,NA,NA,NA,NA,NA,NA,NA,NA,"SXM",70,37429,NA,0.252,NA,0.005
"233","South Sudan",NA,NA,NA,NA,NA,NA,NA,NA,NA,NA,NA,NA,NA,NA,NA,NA,NA,NA,"SSD",NA,NA,9415421,NA,NA,NA
"234","Tokelau",NA,NA,NA,NA,NA,NA,NA,NA,NA,NA,NA,NA,NA,NA,NA,NA,NA,NA,"TKL",43,1379,1135,0.103,NA,0.086
